Test URL (url),Report Suite (rs),Status Code (status),Page Name (pageName),Site Section (ch),Server (server),Hit Type (v1),Timestamp (v2),Pageview ID (v3),Adobe Analytics ID (v5),Google Analytics ID (v6),Page Domain (v14),Page Path (v15),Page Height (v19),Page Percent Viewed (v20),Procore ID (v35),Procore User Type (v36),Tab Focus Count (v41),Form ID (v50),Form Inputs (v51),Form Input Count (v52),Form Selected Count (v53),Chat Online (v55),Chat Team Available (v56),Chat Visible (v57),Chat Covnersation ID (v58),Chat Playbook ID (v59),Chat Campaign ID (v60),Form Errors (c14),Form Inputs (c15),Form Interaction Path (c16),Forms On Page (c17),Redirect Timing (event1),App cache Timing (event2),DNS Timing (event3),TCP Timing (event4),Request Timing (event5),Response Timing (event6),Processing Timing (event7),On Load Timing (event8),Page Load Timing (event9),Page Scrolled 10% (event10),Page Scrolled 25% (event11),Page Scrolled 50% (event12),Page Scrolled 75% (event13),Page Scrolled 95% (event14),Page Scrolled 100% (event15),Tab Click (event17),Form Start (event20),Form Complete (event21),Form Error Count (event22),Form Selected Count (event23),Sidebar Opened (event34),Sidebar Closed (event35),Playbook Clicked (event36),Playbook Dismissed (event37),Conversation Started (event38),Message Sent (event39),Message Receieved (event40),Email Captured (event41),Phone Captured (event42),Meeting Requested (event43),Meeting Booked (event44),Forms On Page (event45)
https://stg.procore.com/,procoredev,200,stg.procore.com|US|Home,Home,stg.procore.com,Before Unload,2019-07-26T18:40:21.312-07:00,6257930848,44748389011964579820108344715376192766,66838540.1564191610,stg.procore.com,/,7690,100,testid-1234567890,Customer/Collaborator,,,,,,Online,Available,Visible,934195621,446297,487584,,,,1295|4876,3,2,9,28,197,64,4691,12,4951,1,1,1,1,1,1,,,,,,1,1,1,,,1,4,,,,,2
https://stg.procore.com/?test=query,procoredev,200,stg.procore.com|US|Home,Home,stg.procore.com,Before Unload,2019-07-26T18:40:23.751-07:00,9300602594,44748389011964579820108344715376192766,66838540.1564191610,stg.procore.com,/,7652,8,testid-1234567890,Customer/Collaborator,,,,,,Online,Available,Visible,,,,,,,1295|4876,1,1,1,1,468,74,1545,11,2040,,,,,,,,,,,,,,,,,,,,,,,2
https://stg.procore.com/?test=query-with-frag,procoredev,200,stg.procore.com|US|Home,Home,stg.procore.com,Before Unload,2019-07-26T18:40:26.445-07:00,4469640060,44748389011964579820108344715376192766,66838540.1564191610,stg.procore.com,/,7680,100,testid-1234567890,Customer/Collaborator,,,,,,Online,Available,Visible,,,,,,,1295|4876,2,1,1,1,485,69,1289,8,1799,1,1,1,1,1,1,,,,,,,,,,,,,,,,,2
https://stg.procore.com/?utm_medium=Social&utm_source=LinkedIn&utm_campaign=BRD&utm_term=Organic&utm_content=Jobsite_Constructions-up-and-coming-tech,procoredev,200,stg.procore.com|US|Home,Home,stg.procore.com,Before Unload,2019-07-26T18:40:29.73-07:00,1574614085,44748389011964579820108344715376192766,66838540.1564191610,stg.procore.com,/,7652,8,testid-1234567890,Customer/Collaborator,,,,,,Online,Available,Visible,,,,,,,1295|4876,1,1,1,1,563,83,1604,9,2195,,,,,,,,,,,,,,,,,,,,,,,2
https://stg.procore.com/about,procoredev,200,stg.procore.com|US|Company|About,Company|About,stg.procore.com,Before Unload,2019-07-26T18:40:32.995-07:00,4158588636,44748389011964579820108344715376192766,66838540.1564191610,stg.procore.com,/about,7170,8,testid-1234567890,Customer/Collaborator,,4876,FirstName|LastName|Email|Phone|Company|Country|gDPRFormsConsent,7,+6,Online,Available,Visible,,,,Email|Country,FirstName|LastName|Email|Phone|Company|Country|gDPRFormsConsent,FirstName|LastName|Phone|Company|mktoButton|Email|submit,1295|4876,2,1,1,1,290,76,1563,3,1874,,,,,,,,1,,1,6,,,,,,,,,,,,2
https://stg.procore.com/blueprint,procoredev,200,stg.procore.com|US|Resource|Blueprint,Resource|Blueprint,stg.procore.com,Before Unload,2019-07-26T18:40:35.593-07:00,8679471466,44748389011964579820108344715376192766,66838540.1564191610,stg.procore.com,/blueprint,7571,8,testid-1234567890,Customer/Collaborator,,,,,,Online,Available,Visible,,,,,,,1295|4876,2,1,1,1,447,80,1705,8,2176,,,,,,,,,,,,,,,,,,,,,,,2
https://stg.procore.com/buildersclub,procoredev,200,stg.procore.com|US|Resource|Builders Club,Resource|Builders Club,stg.procore.com,Before Unload,2019-07-26T18:40:37.342-07:00,8765092225,44748389011964579820108344715376192766,66838540.1564191610,stg.procore.com,/buildersclub,3945,15,testid-1234567890,Customer/Collaborator,,,,,,Online,Available,Visible,,,,,,,1295|4876,1,1,1,1,119,74,872,6,1032,1,,,,,,,,,,,,,,,,,,,,,,2
https://stg.procore.com/certification,procoredev,200,stg.procore.com|US|Resource|Certification,Resource|Certification,stg.procore.com,Before Unload,2019-07-26T18:40:39.486-07:00,2982744194,44748389011964579820108344715376192766,66838540.1564191610,stg.procore.com,/certification,6189,100,testid-1234567890,Customer/Collaborator,,,,,,,,,,,,,,,1228|1295|4876,1,1,1,1,127,1,1596,4,1743,1,1,1,1,1,1,,,,,,,,,,,,,,,,,3
https://stg.procore.com/construction-financials,procoredev,200,stg.procore.com|US|Product|Construction Financials|Overview,Product|Construction Financials|Overview,stg.procore.com,Before Unload,2019-07-26T18:40:42.85-07:00,6827972024,44748389011964579820108344715376192766,66838540.1564191610,stg.procore.com,/construction-financials,5815,100,testid-1234567890,Customer/Collaborator,,,,,,,,,,,,,,,1295|4876,1,1,1,1,124,1,2013,4,2215,1,1,1,1,1,1,,,,,,,,,,,,,,,,,2
https://stg.procore.com/construction-financials/accounting-integrations,procoredev,200,stg.procore.com|US|Product|Construction Financials|Accounting Integrations,Product|Construction Financials|Accounting Integrations,stg.procore.com,Before Unload,2019-07-26T18:40:43.668-07:00,9020453048,44748389011964579820108344715376192766,66838540.1564191610,stg.procore.com,/construction-financials/accounting-integrations,9449,100,testid-1234567890,Customer/Collaborator,,,,,,,,,,,,,,,1295|4876,1,1,1,1,134,1,888,3,1066,1,1,1,1,1,1,,,,,,,,,,,,,,,,,2
https://stg.procore.com/continuing-education,procoredev,200,stg.procore.com|US|Resource|Continuing Education,Resource|Continuing Education,stg.procore.com,Before Unload,2019-07-26T18:40:48.95-07:00,4055903718,44748389011964579820108344715376192766,66838540.1564191610,stg.procore.com,/continuing-education,3941,15,testid-1234567890,Customer/Collaborator,,,,,,Online,Available,Visible,,,,,,,1295|4876,1,1,1,1,124,2,1048,5,1232,1,,,,,,,,,,,,,,,,,,,,,,2
https://stg.procore.com/demo-thank-you,procoredev,200,stg.procore.com|US|Marketing|Demo Thank You,Marketing|Demo Thank You,stg.procore.com,Before Unload,2019-07-26T18:40:49.321-07:00,8987230401,44748389011964579820108344715376192766,66838540.1564191610,stg.procore.com,/demo-thank-you,3024,20,testid-1234567890,Customer/Collaborator,,,,,,,,,,,,,,,,3,1,1,1,268,1,874,4,1162,1,,,,,,,,,,,,,,,,,,,,,,
https://stg.procore.com/demo,procoredev,200,stg.procore.com|US|Marketing|Demo,Marketing|Demo,stg.procore.com,Before Unload,2019-07-26T18:40:51.414-07:00,6129378962,44748389011964579820108344715376192766,66838540.1564191610,stg.procore.com,/demo,2721,22,testid-1234567890,Customer/Collaborator,,,,,,,,,,,,,,,4876|1295,1,1,1,1,132,72,1803,4,1949,1,,,,,,,,,,,,,,,,,,,,,,2
https://stg.procore.com/en-au,procoredev,200,stg.procore.com|AU|Home,Home,stg.procore.com,Before Unload,2019-07-26T18:40:53.808-07:00,8399505602,44748389011964579820108344715376192766,66838540.1564191610,stg.procore.com,/en-au,7016,100,testid-1234567890,Customer/Collaborator,,,,,,,,,,,,,,,,2,1,1,1,281,77,1681,4,2011,1,1,1,1,1,1,,,,,,,,,,,,,,,,,
https://stg.procore.com/en-au/about,procoredev,200,stg.procore.com|AU|Company|About,Company|About,stg.procore.com,Before Unload,2019-07-26T18:41:37.221-07:00,3440943288,44748389011964579820108344715376192766,66838540.1564191610,stg.procore.com,/en-au/about,7117,8,testid-1234567890,Customer/Collaborator,,4876,FirstName|LastName|Email|Phone|Company|Country|gDPRFormsConsent,7,+6,Online,Available,Visible,,,,Email|Country,FirstName|LastName|Email|Phone|Company|Country|gDPRFormsConsent,FirstName|LastName|Phone|Company|mktoButton|Email|submit,1295|4876,1,1,1,1,139,2,813,6,970,,,,,,,,1,,1,6,,,,,,,,,,,,2
https://stg.procore.com/en-au/blueprint,procoredev,200,stg.procore.com|AU|Resource|Blueprint,Resource|Blueprint,stg.procore.com,Before Unload,2019-07-26T18:41:39.561-07:00,6464996552,44748389011964579820108344715376192766,66838540.1564191610,stg.procore.com,/en-au/blueprint,7571,8,testid-1234567890,Customer/Collaborator,,,,,,Online,Available,Visible,,,,,,,1295|4876,2,1,1,1,279,78,1218,11,1555,,,,,,,,,,,,,,,,,,,,,,,2
https://stg.procore.com/en-au/buildersclub,procoredev,200,stg.procore.com|AU|Resource|Builders Club,Resource|Builders Club,stg.procore.com,Before Unload,2019-07-26T18:41:45.178-07:00,9476813132,44748389011964579820108344715376192766,66838540.1564191610,stg.procore.com,/en-au/buildersclub,3973,100,testid-1234567890,Customer/Collaborator,,4876,FirstName|LastName|Email|Phone|Company|Country|gDPRFormsConsent,7,+6,Online,Available,Visible,,,,Email|Country,FirstName|LastName|Email|Phone|Company|Country|gDPRFormsConsent,FirstName|LastName|Phone|Company|mktoButton|Email|submit,1295|4876,1,1,1,1,448,1,2359,9,2833,1,1,1,1,1,1,,1,,1,6,,,,,,,,,,,,2
https://stg.procore.com/en-au/certification,procoredev,200,stg.procore.com|AU|Resource|Certification,Resource|Certification,stg.procore.com,Before Unload,2019-07-26T18:41:47.784-07:00,2056639446,44748389011964579820108344715376192766,66838540.1564191610,stg.procore.com,/en-au/certification,6189,100,testid-1234567890,Customer/Collaborator,,,,,,,,,,,,,,,1228|1295|4876,1,1,1,1,288,1,1870,5,2179,1,1,1,1,1,1,,,,,,,,,,,,,,,,,3
https://stg.procore.com/en-au/construction-financials,procoredev,200,stg.procore.com|AU|Product|Construction Financials|Overview,Product|Construction Financials|Overview,stg.procore.com,Before Unload,2019-07-26T18:41:52.640-07:00,8457817483,44748389011964579820108344715376192766,66838540.1564191610,stg.procore.com,/en-au/construction-financials,5816,10,testid-1234567890,Customer/Collaborator,,,,,,Online,Available,Visible,,,,,,,1295|4876,1,1,1,1,360,1,986,6,1368,1,,,,,,,,,,,,,,,,,,,,,,2
https://stg.procore.com/en-au/demo-thank-you,procoredev,200,stg.procore.com|AU|Marketing|Demo Thank You,Marketing|Demo Thank You,stg.procore.com,Before Unload,2019-07-26T18:41:54.169-07:00,9684588454,44748389011964579820108344715376192766,66838540.1564191610,stg.procore.com,/en-au/demo-thank-you,2451,24,testid-1234567890,Customer/Collaborator,,,,,,,,,,,,,,,,3,1,1,1,443,1,1032,3,1496,1,,,,,,,,,,,,,,,,,,,,,,
https://stg.procore.com/en-au/construction-financials/accounting-integrations,procoredev,200,stg.procore.com|AU|Product|Construction Financials|Accounting Integrations,Product|Construction Financials|Accounting Integrations,stg.procore.com,Before Unload,2019-07-26T18:41:56.210-07:00,2918729766,44748389011964579820108344715376192766,66838540.1564191610,stg.procore.com,/en-au/construction-financials/accounting-integrations,9451,6,testid-1234567890,Customer/Collaborator,,,,,,Online,Available,Visible,,,,,,,1295|4876,2,1,1,1,292,71,1078,9,1392,,,,,,,,,,,,,,,,,,,,,,,2
https://stg.procore.com/en-au/continuing-education,procoredev,200,stg.procore.com|AU|Resource|Continuing Education,Resource|Continuing Education,stg.procore.com,Before Unload,2019-07-26T18:42:00.830-07:00,9653924875,44748389011964579820108344715376192766,66838540.1564191610,stg.procore.com,/en-au/continuing-education,3913,15,testid-1234567890,Customer/Collaborator,,4876,FirstName|LastName|Email|Phone|Company|Country|gDPRFormsConsent,7,+6,Online,Available,Visible,,,,Email|Country,FirstName|LastName|Email|Phone|Company|Country|gDPRFormsConsent,FirstName|LastName|Phone|Company|mktoButton|Email|submit,1295|4876,1,1,1,1,274,1,1896,6,2192,1,,,,,,,1,,1,6,,,,,,,,,,,,2
https://stg.procore.com/en-au/demo,procoredev,200,stg.procore.com|AU|Marketing|Demo,Marketing|Demo,stg.procore.com,Before Unload,2019-07-26T18:42:02.690-07:00,3337268702,44748389011964579820108344715376192766,66838540.1564191610,stg.procore.com,/en-au/demo,2933,20,testid-1234567890,Customer/Collaborator,,,,,,,,,,,,,,,4876|1295,1,1,1,1,267,2,1365,4,1652,1,,,,,,,,,,,,,,,,,,,,,,2
https://stg.procore.com/en-au/engineering,procoredev,200,stg.procore.com|AU|Company|Engineering,Company|Engineering,stg.procore.com,Before Unload,2019-07-26T18:42:04.270-07:00,8399584866,44748389011964579820108344715376192766,66838540.1564191610,stg.procore.com,/en-au/engineering,19521,3,testid-1234567890,Customer/Collaborator,,,,,,,,,,,,,,,,1,1,1,1,297,79,1001,8,1351,,,,,,,,,,,,,,,,,,,,,,,
https://stg.procore.com/en-au/events,procoredev,200,stg.procore.com|AU|Event|Industry Events,Event|Industry Events,stg.procore.com,Before Unload,2019-07-26T18:42:48.377-07:00,4889153232,44748389011964579820108344715376192766,66838540.1564191610,stg.procore.com,/en-au/events,870,69,testid-1234567890,Customer/Collaborator,,4876,FirstName|LastName|Email|Phone|Company|Country|gDPRFormsConsent,7,+6,Online,Available,Visible,,,,Email|Country,FirstName|LastName|Email|Phone|Company|Country|gDPRFormsConsent,FirstName|LastName|Phone|Company|mktoButton|submit|Email,1295|4876|adb-645188357,1,1,1,1,123,1,1497,4,1637,1,1,1,,,,,1,,1,6,,,,,,,,,,,,3
https://stg.procore.com/en-au/field-productivity,procoredev,200,stg.procore.com|AU|Product|Field Productivity|Overview,Product|Field Productivity|Overview,stg.procore.com,Before Unload,2019-07-26T18:42:50.593-07:00,6239755854,44748389011964579820108344715376192766,66838540.1564191610,stg.procore.com,/en-au/field-productivity,3396,18,testid-1234567890,Customer/Collaborator,,,,,,,,,,,,,,,1295|4876,2,1,1,1,267,1,1741,6,2058,1,,,,,,,,,,,,,,,,,,,,,,2
https://stg.procore.com/en-au/field-productivity/crews,procoredev,200,stg.procore.com|AU|Product|Field Productivity|Crews,Product|Field Productivity|Crews,stg.procore.com,Before Unload,2019-07-26T18:42:54.75-07:00,6752383973,44748389011964579820108344715376192766,66838540.1564191610,stg.procore.com,/en-au/field-productivity/crews,3672,16,testid-1234567890,Customer/Collaborator,,,,,,,,,,,,,,,1295|4876,1,1,1,1,285,1,3026,5,3333,1,,,,,,,,,,,,,,,,,,,,,,2
https://stg.procore.com/en-au/innovation-lab,procoredev,200,stg.procore.com|AU|Event|Innovation Lab,Event|Innovation Lab,stg.procore.com,Before Unload,2019-07-26T18:42:56.228-07:00,1846240724,44748389011964579820108344715376192766,66838540.1564191610,stg.procore.com,/en-au/innovation-lab,6603,9,testid-1234567890,Customer/Collaborator,,,,,,,,,,,,,,,1213|1295|4876,1,1,1,1,279,75,1661,4,2007,,,,,,,,,,,,,,,,,,,,,,,3
https://stg.procore.com/en-au/jobs,procoredev,200,stg.procore.com|AU|Company|Jobs,Company|Jobs,stg.procore.com,Before Unload,2019-07-26T18:42:58.482-07:00,2745495905,44748389011964579820108344715376192766,66838540.1564191610,stg.procore.com,/en-au/jobs,4376,100,testid-1234567890,Customer/Collaborator,,,,,,Online,Available,Visible,,,,,,,1295|4876,1,1,1,1,259,1,1212,7,1523,1,1,1,1,1,1,,,,,,,,,,,,,,,,,2
https://stg.procore.com/en-au/jobs/benefits,procoredev,200,stg.procore.com|AU|Company|Jobs|Benefits,Company|Jobs|Benefits,stg.procore.com,Before Unload,2019-07-26T18:43:03.33-07:00,5227474921,44748389011964579820108344715376192766,66838540.1564191610,stg.procore.com,/en-au/jobs/benefits,4416,100,testid-1234567890,Customer/Collaborator,,4876,FirstName|LastName|Email|Phone|Company|Country|gDPRFormsConsent,7,+6,Online,Available,Visible,,,,Email|Country,FirstName|LastName|Email|Phone|Company|Country|gDPRFormsConsent,FirstName|LastName|Phone|Company|mktoButton|Email|submit,1295|4876,1,1,1,1,128,1,1888,4,2039,1,1,1,1,1,1,,1,,1,6,,,,,,,,,,,,2
https://stg.procore.com/en-au/jobs/openings,procoredev,200,stg.procore.com|AU|Company|Jobs|Openings,Company|Jobs|Openings,stg.procore.com,Before Unload,2019-07-26T18:43:07.595-07:00,8309299854,44748389011964579820108344715376192766,66838540.1564191610,stg.procore.com,/en-au/jobs/openings,18624,3,testid-1234567890,Customer/Collaborator,,,,,,Online,Available,Visible,,,,,,,1295|4876,1,1,1,1,446,76,1049,4,1515,,,,,,,,,,,,,,,,,,,,,,,2
https://stg.procore.com/en-au/demo-thank-you,procoredev,200,stg.procore.com|AU|Marketing|Demo Thank You,Marketing|Demo Thank You,stg.procore.com,Before Unload,2019-07-26T18:43:09.411-07:00,5643042075,44748389011964579820108344715376192766,66838540.1564191610,stg.procore.com,/en-au/demo-thank-you,2451,24,testid-1234567890,Customer/Collaborator,,,,,,,,,,,,,,,1295,3,1,1,1,131,1,1575,6,1732,1,,,,,,,,,,,,,,,,,,,,,,1
https://stg.procore.com/en-au/jobs/openings/1056317,procoredev,200,stg.procore.com|US|Company|Jobs|Openings|1056317,Company|Jobs|Openings|1056317,stg.procore.com,Before Unload,2019-07-26T18:43:14.292-07:00,7197190215,44748389011964579820108344715376192766,66838540.1564191610,stg.procore.com,/en-au/jobs/openings/1056317,10674,6,testid-1234567890,Customer/Collaborator,,4876,FirstName|LastName|Email|Phone|Company|Country|gDPRFormsConsent,7,+6,Online,Available,Visible,,,,Email|Country,FirstName|LastName|Email|Phone|Company|Country|gDPRFormsConsent,FirstName|LastName|Phone|Company|mktoButton|Email|submit,1295|4876,1,1,1,1,303,72,2298,4,2618,,,,,,,,1,,1,6,,,,,,,,,,,,2
https://stg.procore.com/en-au/jobs/sales,procoredev,200,stg.procore.com|AU|Company|Jobs|Sales,Company|Jobs|Sales,stg.procore.com,Before Unload,2019-07-26T18:43:16.743-07:00,9497857301,44748389011964579820108344715376192766,66838540.1564191610,stg.procore.com,/en-au/jobs/sales,4460,100,testid-1234567890,Customer/Collaborator,,,,,,,,,,,,,,,1295|4876,1,1,1,1,287,1,1707,5,2018,1,1,1,1,1,1,,,,,,,,,,,,,,,,,2
https://stg.procore.com/en-au/legal,procoredev,200,stg.procore.com|AU|Company|Legal|Overview,Company|Legal|Overview,stg.procore.com,Before Unload,2019-07-26T18:43:19.89-07:00,5595038442,44748389011964579820108344715376192766,66838540.1564191610,stg.procore.com,/en-au/legal,1450,41,testid-1234567890,Customer/Collaborator,,,,,,Online,Available,Visible,,,,,,,1295|4876,1,1,1,1,129,1,1772,7,1961,1,1,,,,,,,,,,,,,,,,,,,,,2
https://stg.procore.com/en-au/legal/api-terms-and-conditions,procoredev,200,stg.procore.com|AU|Company|Legal|Api Terms And Conditions,Company|Legal|Api Terms And Conditions,stg.procore.com,Before Unload,2019-07-26T18:43:23.155-07:00,9961641832,44748389011964579820108344715376192766,66838540.1564191610,stg.procore.com,/en-au/legal/api-terms-and-conditions,22098,3,testid-1234567890,Customer/Collaborator,,4876,FirstName|LastName|Email|Phone|Company|Country|gDPRFormsConsent,7,+5,Online,Available,Visible,,,,,FirstName|LastName|Email|Phone|Company|Country|gDPRFormsConsent,FirstName|LastName|Phone|Company|mktoButton,1295|4876,1,1,1,1,131,75,1505,6,1657,,,,,,,,1,,,5,,,,,,,,,,,,2
https://stg.procore.com/en-au/partners,procoredev,200,stg.procore.com|AU|Resource|Partners,Resource|Partners,stg.procore.com,Before Unload,2019-07-26T18:43:25.923-07:00,3461151216,44748389011964579820108344715376192766,66838540.1564191610,stg.procore.com,/en-au/partners,5731,10,testid-1234567890,Customer/Collaborator,,,,,,,,,,,,,,,1225|1295|4876,1,1,1,1,467,1,2099,5,2586,1,,,,,,,,,,,,,,,,,,,,,,3
https://stg.procore.com/en-au/platform,procoredev,200,stg.procore.com|AU|Product|Platform|Overview,Product|Platform|Overview,stg.procore.com,Before Unload,2019-07-26T18:43:28.406-07:00,5828354580,44748389011964579820108344715376192766,66838540.1564191610,stg.procore.com,/en-au/platform,4799,13,testid-1234567890,Customer/Collaborator,,,,,,,,,,,,,,,1295|4876,2,1,1,1,132,1,2159,5,2335,1,,,,,,,,,,,,,,,,,,,,,,2
https://stg.procore.com/en-au/press,procoredev,200,stg.procore.com|AU|Company|Press|Overview,Company|Press|Overview,stg.procore.com,Before Unload,2019-07-26T18:43:30.278-07:00,7193630520,44748389011964579820108344715376192766,66838540.1564191610,stg.procore.com,/en-au/press,13898,4,testid-1234567890,Customer/Collaborator,,,,,,,,,,,,,,,1295|4876,1,1,1,1,124,71,1536,4,1722,,,,,,,,,,,,,,,,,,,,,,,2
https://stg.procore.com/en-au/press/habitat-for-humanity-and-procore-partner-for-a-brush-with-kindness,procoredev,200,stg.procore.com|AU|Company|Press|Habitat For Humanity And Procore Partner For A Brush With Kindness,Company|Press|Habitat For Humanity And Procore Partner For A Brush With Kindness,stg.procore.com,Before Unload,2019-07-26T18:43:31.350-07:00,8027306174,44748389011964579820108344715376192766,66838540.1564191610,stg.procore.com,/en-au/press/habitat-for-humanity-and-procore-partner-for-a-brush-with-kindness,3135,19,testid-1234567890,Customer/Collaborator,,,,,,,,,,,,,,,1295|4876,1,1,1,1,129,1,772,6,924,1,,,,,,,,,,,,,,,,,,,,,,2
https://stg.procore.com/en-au/press/procore-acquires-bimanywhere,procoredev,200,stg.procore.com|AU|Company|Press|Procore Acquires Bimanywhere,Company|Press|Procore Acquires Bimanywhere,stg.procore.com,Before Unload,2019-07-26T18:43:35.624-07:00,9831142555,44748389011964579820108344715376192766,66838540.1564191610,stg.procore.com,/en-au/press/procore-acquires-bimanywhere,2791,22,testid-1234567890,Customer/Collaborator,,,,,,Online,Available,Visible,,,,,,,1295|4876,1,1,1,1,290,1,788,6,1108,1,,,,,,,,,,,,,,,,,,,,,,2
https://stg.procore.com/en-au/demo-thank-you,procoredev,200,stg.procore.com|AU|Marketing|Demo Thank You,Marketing|Demo Thank You,stg.procore.com,Before Unload,2019-07-26T18:43:37.347-07:00,1488031117,44748389011964579820108344715376192766,66838540.1564191610,stg.procore.com,/en-au/demo-thank-you,2451,24,testid-1234567890,Customer/Collaborator,,,,,,,,,,,,,,,1295,2,1,1,1,435,1,783,8,1243,1,,,,,,,,,,,,,,,,,,,,,,1
https://stg.procore.com/en-au/project-management,procoredev,200,stg.procore.com|AU|Product|Project Management|Overview,Product|Project Management|Overview,stg.procore.com,Before Unload,2019-07-26T18:43:38.560-07:00,8694842533,44748389011964579820108344715376192766,66838540.1564191610,stg.procore.com,/en-au/project-management,4641,13,testid-1234567890,Customer/Collaborator,,,,,,,,,,,,,,,1295|4876,2,1,1,1,278,1,712,4,1007,1,,,,,,,,,,,,,,,,,,,,,,2
https://stg.procore.com/en-au/project-management/bidding,procoredev,200,stg.procore.com|AU|Product|Project Management|Bidding,Product|Project Management|Bidding,stg.procore.com,Before Unload,2019-07-26T18:43:40.358-07:00,5208523469,44748389011964579820108344715376192766,66838540.1564191610,stg.procore.com,/en-au/project-management/bidding,4674,13,testid-1234567890,Customer/Collaborator,,,,,,,,,,,,,,,1295|4876,1,1,1,1,201,1,1393,4,1650,1,,,,,,,,,,,,,,,,,,,,,,2
https://stg.procore.com/en-au/projects,procoredev,200,stg.procore.com|AU|Resource|Projects,Resource|Projects,stg.procore.com,Before Unload,2019-07-26T18:43:43.719-07:00,5405530345,44748389011964579820108344715376192766,66838540.1564191610,stg.procore.com,/en-au/projects,6708,9,testid-1234567890,Customer/Collaborator,,4876,FirstName|LastName|Email|Phone|Company|Country|gDPRFormsConsent,7,+6,Online,Available,Visible,,,,Email|Country,FirstName|LastName|Email|Phone|Company|Country|gDPRFormsConsent,FirstName|LastName|Phone|Company|mktoButton|Email|submit,1295|4876,1,1,1,1,131,1,926,4,1074,,,,,,,,1,,1,6,,,,,,,,,,,,2
https://stg.procore.com/en-au/quality-safety,procoredev,200,stg.procore.com|AU|Product|Quality Safety|Overview,Product|Quality Safety|Overview,stg.procore.com,Before Unload,2019-07-26T18:43:45.759-07:00,7423832368,44748389011964579820108344715376192766,66838540.1564191610,stg.procore.com,/en-au/quality-safety,4705,13,testid-1234567890,Customer/Collaborator,,,,,,,,,,,,,,,1295|4876,1,1,1,1,275,70,1570,4,1864,1,,,,,,,,,,,,,,,,,,,,,,2
https://stg.procore.com/en-au/quality-safety/daily-log,procoredev,200,stg.procore.com|AU|Product|Quality Safety|Daily Log,Product|Quality Safety|Daily Log,stg.procore.com,Before Unload,2019-07-26T18:43:46.889-07:00,2494463214,44748389011964579820108344715376192766,66838540.1564191610,stg.procore.com,/en-au/quality-safety/daily-log,4280,14,testid-1234567890,Customer/Collaborator,,,,,,,,,,,,,,,1295|4876,1,1,1,1,136,72,736,3,926,1,,,,,,,,,,,,,,,,,,,,,,2
https://stg.procore.com/en-au/safety-qualified,procoredev,200,stg.procore.com|AU|Resource|Safety Qualified,Resource|Safety Qualified,stg.procore.com,Before Unload,2019-07-26T18:43:52.293-07:00,8055842586,44748389011964579820108344715376192766,66838540.1564191610,stg.procore.com,/en-au/safety-qualified,8131,100,testid-1234567890,Customer/Collaborator,,,,,,Online,Available,Visible,,,,,,,3609|1295|4876,1,1,1,1,136,1,1603,4,1776,1,1,1,1,1,1,,,,,,,,,,,,,,,,,3
https://stg.procore.com/en-au/demo-thank-you,procoredev,200,stg.procore.com|AU|Marketing|Demo Thank You,Marketing|Demo Thank You,stg.procore.com,Before Unload,2019-07-26T18:43:53.386-07:00,9410936817,44748389011964579820108344715376192766,66838540.1564191610,stg.procore.com,/en-au/demo-thank-you,2451,24,testid-1234567890,Customer/Collaborator,,,,,,,,,,,,,,,,3,1,1,1,273,1,763,3,1056,1,,,,,,,,,,,,,,,,,,,,,,
https://stg.procore.com/en-au/subcontractors,procoredev,200,stg.procore.com|AU|Solution|Subcontractors,Solution|Subcontractors,stg.procore.com,Before Unload,2019-07-26T18:43:56.187-07:00,1268468190,44748389011964579820108344715376192766,66838540.1564191610,stg.procore.com,/en-au/subcontractors,8752,100,testid-1234567890,Customer/Collaborator,,,,,,Online,Available,Visible,,,,,,,1295|4876,1,1,1,1,415,71,1499,8,1948,1,1,1,1,1,1,,,,,,,,,,,,,,,,,2
https://stg.procore.com/en-au/subs-demo,procoredev,200,stg.procore.com|AU|Marketing|Subs Demo,Marketing|Subs Demo,stg.procore.com,Before Unload,2019-07-26T18:43:57.314-07:00,4918135019,44748389011964579820108344715376192766,66838540.1564191610,stg.procore.com,/en-au/subs-demo,2833,21,testid-1234567890,Customer/Collaborator,,,,,,,,,,,,,,,4876|1295,1,1,1,1,121,1,790,4,935,1,,,,,,,,,,,,,,,,,,,,,,2
https://stg.procore.com/en-au/webinars,procoredev,200,stg.procore.com|AU|Resource|Webinars|Overview,Resource|Webinars|Overview,stg.procore.com,Before Unload,2019-07-26T18:44:01.414-07:00,2460373356,44748389011964579820108344715376192766,66838540.1564191610,stg.procore.com,/en-au/webinars,19547,100,testid-1234567890,Customer/Collaborator,,4876,FirstName|LastName|Email|Phone|Company|Country|gDPRFormsConsent,7,+6,Online,Available,Visible,,,,Email|Country,FirstName|LastName|Email|Phone|Company|Country|gDPRFormsConsent,FirstName|LastName|Phone|Company|mktoButton|Email|submit,1295|4876|adb-390150781,1,1,1,1,325,71,910,3,1367,1,1,1,1,1,1,,1,,1,6,,,,,,,,,,,,3
https://stg.procore.com/en-au/workshops,procoredev,200,stg.procore.com|AU|Event|Workshops,Event|Workshops,stg.procore.com,Before Unload,2019-07-26T18:44:02.677-07:00,1140926893,44748389011964579820108344715376192766,66838540.1564191610,stg.procore.com,/en-au/workshops,1689,36,testid-1234567890,Customer/Collaborator,,,,,,,,,,,,,,,1295|4876,1,1,1,1,270,73,745,3,1035,1,1,,,,,,,,,,,,,,,,,,,,,2
https://stg.procore.com/en-ca,procoredev,200,stg.procore.com|CA|Home,Home,stg.procore.com,Before Unload,2019-07-26T18:44:04.924-07:00,4964897455,44748389011964579820108344715376192766,66838540.1564191610,stg.procore.com,/en-ca,6883,100,testid-1234567890,Customer/Collaborator,,,,,,Online,Available,Visible,,,,,,,1295|4876,1,1,1,1,130,2,1501,7,1685,1,1,1,1,1,1,,,,,,,,,,,,,,,,,2
https://stg.procore.com/en-ca/about,procoredev,200,stg.procore.com|CA|Company|About,Company|About,stg.procore.com,Before Unload,2019-07-26T18:44:07.287-07:00,8909870673,44748389011964579820108344715376192766,66838540.1564191610,stg.procore.com,/en-ca/about,7117,8,testid-1234567890,Customer/Collaborator,,,,,,,,,,,,,,,1295|4876,1,1,1,1,287,85,1873,4,2179,,,,,,,,,,,,,,,,,,,,,,,2
https://stg.procore.com/en-ca/blueprint,procoredev,200,stg.procore.com|CA|Resource|Blueprint,Resource|Blueprint,stg.procore.com,Before Unload,2019-07-26T18:44:09.345-07:00,4711391102,44748389011964579820108344715376192766,66838540.1564191610,stg.procore.com,/en-ca/blueprint,7571,8,testid-1234567890,Customer/Collaborator,,,,,,Online,Available,Visible,,,,,,,1295|4876,2,1,1,1,121,87,1489,9,1636,,,,,,,,,,,,,,,,,,,,,,,2
https://stg.procore.com/en-ca/buildersclub,procoredev,200,stg.procore.com|CA|Resource|Builders Club,Resource|Builders Club,stg.procore.com,Before Unload,2019-07-26T18:44:13.760-07:00,4303185716,44748389011964579820108344715376192766,66838540.1564191610,stg.procore.com,/en-ca/buildersclub,3945,15,testid-1234567890,Customer/Collaborator,,4876,FirstName|LastName|Email|Phone|Company|Country|gDPRFormsConsent,7,+6,Online,Available,Visible,,,,Email|Country,FirstName|LastName|Email|Phone|Company|Country|gDPRFormsConsent,FirstName|LastName|Phone|Company|mktoButton|Email|submit,1295|4876,1,1,1,1,282,76,1601,7,1906,1,,,,,,,1,,1,6,,,,,,,,,,,,2
https://stg.procore.com/en-ca/certification,procoredev,200,stg.procore.com|CA|Resource|Certification,Resource|Certification,stg.procore.com,Before Unload,2019-07-26T18:44:17.671-07:00,5012207700,44748389011964579820108344715376192766,66838540.1564191610,stg.procore.com,/en-ca/certification,6161,10,testid-1234567890,Customer/Collaborator,,4876,FirstName|LastName|Email|Phone|Company|Country|gDPRFormsConsent,7,+6,Online,Available,Visible,,,,Email|Country,FirstName|LastName|Email|Phone|Company|Country|gDPRFormsConsent,FirstName|LastName|Phone|Company|mktoButton|Email|submit,1228|1295|4876,1,1,1,1,269,75,1441,4,1729,1,,,,,,,1,,1,6,,,,,,,,,,,,3
https://stg.procore.com/en-ca/construction-financials,procoredev,200,stg.procore.com|CA|Product|Construction Financials|Overview,Product|Construction Financials|Overview,stg.procore.com,Before Unload,2019-07-26T18:44:22.135-07:00,8663838312,44748389011964579820108344715376192766,66838540.1564191610,stg.procore.com,/en-ca/construction-financials,5788,10,testid-1234567890,Customer/Collaborator,,4876,FirstName|LastName|Email|Phone|Company|Country|gDPRFormsConsent,7,+6,Online,Available,Visible,,,,Email|Country,FirstName|LastName|Email|Phone|Company|Country|gDPRFormsConsent,FirstName|LastName|Phone|Company|mktoButton|Email|submit,1295|4876,1,1,1,1,299,81,1857,4,2174,1,,,,,,,1,,1,6,,,,,,,,,,,,2
https://stg.procore.com/en-ca/construction-financials/accounting-integrations,procoredev,200,stg.procore.com|CA|Product|Construction Financials|Accounting Integrations,Product|Construction Financials|Accounting Integrations,stg.procore.com,Before Unload,2019-07-26T18:44:24.164-07:00,2649373360,44748389011964579820108344715376192766,66838540.1564191610,stg.procore.com,/en-ca/construction-financials/accounting-integrations,9449,100,testid-1234567890,Customer/Collaborator,,,,,,Online,Available,Visible,,,,,,,1295|4876,2,1,1,1,283,77,816,6,1120,1,1,1,1,1,1,,,,,,,,,,,,,,,,,2
https://stg.procore.com/en-ca/continuing-education,procoredev,200,stg.procore.com|CA|Resource|Continuing Education,Resource|Continuing Education,stg.procore.com,Before Unload,2019-07-26T18:44:26.89-07:00,2914598629,44748389011964579820108344715376192766,66838540.1564191610,stg.procore.com,/en-ca/continuing-education,3941,100,testid-1234567890,Customer/Collaborator,,,,,,,,,,,,,,,1295|4876,2,1,1,1,288,76,957,6,1337,1,1,1,1,1,1,,,,,,,,,,,,,,,,,2
https://stg.procore.com/en-ca/demo,procoredev,200,stg.procore.com|CA|Marketing|Demo,Marketing|Demo,stg.procore.com,Before Unload,2019-07-26T18:44:29.308-07:00,5805762744,44748389011964579820108344715376192766,66838540.1564191610,stg.procore.com,/en-ca/demo,2747,22,testid-1234567890,Customer/Collaborator,,,,,,,,,,,,,,,4876|1295,1,1,1,1,311,176,2636,4,2976,1,,,,,,,,,,,,,,,,,,,,,,2
https://stg.procore.com/en-ca/engineering,procoredev,200,stg.procore.com|CA|Company|Engineering,Company|Engineering,stg.procore.com,Before Unload,2019-07-26T18:44:31.127-07:00,5189510735,44748389011964579820108344715376192766,66838540.1564191610,stg.procore.com,/en-ca/engineering,19549,100,testid-1234567890,Customer/Collaborator,,,,,,,,,,,,,,,,1,1,1,1,281,73,972,10,1313,1,1,1,1,1,1,,,,,,,,,,,,,,,,,
https://stg.procore.com/en-ca/events,procoredev,200,stg.procore.com|CA|Event|Industry Events,Event|Industry Events,stg.procore.com,Before Unload,2019-07-26T18:44:32.618-07:00,8777011751,44748389011964579820108344715376192766,66838540.1564191610,stg.procore.com,/en-ca/events,870,69,testid-1234567890,Customer/Collaborator,,,,,,,,,,,,,,,1295|4876,1,1,1,1,280,78,861,6,1161,1,1,1,,,,,,,,,,,,,,,,,,,,2
https://stg.procore.com/en-ca/field-productivity,procoredev,200,stg.procore.com|CA|Product|Field Productivity|Overview,Product|Field Productivity|Overview,stg.procore.com,Before Unload,2019-07-26T18:44:34.434-07:00,6516635883,44748389011964579820108344715376192766,66838540.1564191610,stg.procore.com,/en-ca/field-productivity,3396,18,testid-1234567890,Customer/Collaborator,,,,,,,,,,,,,,,1295|4876,1,1,1,1,264,72,1345,3,1662,1,,,,,,,,,,,,,,,,,,,,,,2
https://stg.procore.com/en-ca/field-productivity/crews,procoredev,200,stg.procore.com|CA|Product|Field Productivity|Crews,Product|Field Productivity|Crews,stg.procore.com,Before Unload,2019-07-26T18:44:36.203-07:00,6835619934,44748389011964579820108344715376192766,66838540.1564191610,stg.procore.com,/en-ca/field-productivity/crews,3670,100,testid-1234567890,Customer/Collaborator,,,,,,,,,,,,,,,1295|4876,1,1,1,1,362,1,877,6,1291,1,1,1,1,1,1,,,,,,,,,,,,,,,,,2
https://stg.procore.com/en-ca/jobs,procoredev,200,stg.procore.com|CA|Company|Jobs,Company|Jobs,stg.procore.com,Before Unload,2019-07-26T18:44:42.905-07:00,7009707783,44748389011964579820108344715376192766,66838540.1564191610,stg.procore.com,/en-ca/jobs,4349,14,testid-1234567890,Customer/Collaborator,,4876,FirstName|LastName|Email|Phone|Company|Country|gDPRFormsConsent,7,+6,Online,Available,Visible,,,,Email|Country,FirstName|LastName|Email|Phone|Company|Country|gDPRFormsConsent,FirstName|LastName|Phone|Company|mktoButton|Email|submit,1295|4876,1,1,1,1,282,74,1598,10,1932,1,,,,,,,1,,1,6,,,,,,,,,,,,2
https://stg.procore.com/en-ca/jobs/benefits,procoredev,200,stg.procore.com|CA|Company|Jobs|Benefits,Company|Jobs|Benefits,stg.procore.com,Before Unload,2019-07-26T18:44:47.860-07:00,2438083142,44748389011964579820108344715376192766,66838540.1564191610,stg.procore.com,/en-ca/jobs/benefits,4416,14,testid-1234567890,Customer/Collaborator,,,,,,Online,Available,Visible,,,,,,,1295|4876,1,1,1,1,256,68,1396,4,1676,1,,,,,,,,,,,,,,,,,,,,,,2
https://stg.procore.com/en-ca/demo-thank-you,procoredev,200,stg.procore.com|CA|Marketing|Demo Thank You,Marketing|Demo Thank You,stg.procore.com,Before Unload,2019-07-26T18:44:49.107-07:00,6489952645,44748389011964579820108344715376192766,66838540.1564191610,stg.procore.com,/en-ca/demo-thank-you,2451,24,testid-1234567890,Customer/Collaborator,,,,,,,,,,,,,,,,2,1,1,1,411,1,774,6,1208,1,,,,,,,,,,,,,,,,,,,,,,
https://stg.procore.com/en-ca/jobs/openings,procoredev,200,stg.procore.com|CA|Company|Jobs|Openings,Company|Jobs|Openings,stg.procore.com,Before Unload,2019-07-26T18:44:51.00-07:00,3651834747,44748389011964579820108344715376192766,66838540.1564191610,stg.procore.com,/en-ca/jobs/openings,18596,3,testid-1234567890,Customer/Collaborator,,,,,,,,,,,,,,,1295|4876,3,1,1,1,293,82,1428,4,1740,,,,,,,,,,,,,,,,,,,,,,,2
https://stg.procore.com/en-ca/jobs/openings/1056317,procoredev,200,stg.procore.com|US|Company|Jobs|Openings|1056317,Company|Jobs|Openings|1056317,stg.procore.com,Before Unload,2019-07-26T18:44:53.664-07:00,1238750003,44748389011964579820108344715376192766,66838540.1564191610,stg.procore.com,/en-ca/jobs/openings/1056317,10702,100,testid-1234567890,Customer/Collaborator,,,,,,,,,,,,,,,1295|4876,1,1,1,1,288,72,1861,4,2195,1,1,1,1,1,1,,,,,,,,,,,,,,,,,2
https://stg.procore.com/en-ca/jobs/sales,procoredev,200,stg.procore.com|CA|Company|Jobs|Sales,Company|Jobs|Sales,stg.procore.com,Before Unload,2019-07-26T18:44:57.196-07:00,3642864685,44748389011964579820108344715376192766,66838540.1564191610,stg.procore.com,/en-ca/jobs/sales,4432,14,testid-1234567890,Customer/Collaborator,,4876,FirstName|LastName|Email|Phone|Company|Country|gDPRFormsConsent,7,+5,Online,Available,Visible,,,,,FirstName|LastName|Email|Phone|Company|Country|gDPRFormsConsent,FirstName|LastName|Phone|Company|mktoButton,1295|4876,1,1,1,1,282,74,866,6,1175,1,,,,,,,1,,,5,,,,,,,,,,,,2
https://stg.procore.com/en-ca/legal,procoredev,200,stg.procore.com|CA|Company|Legal|Overview,Company|Legal|Overview,stg.procore.com,Before Unload,2019-07-26T18:44:59.792-07:00,3528302153,44748389011964579820108344715376192766,66838540.1564191610,stg.procore.com,/en-ca/legal,1450,41,testid-1234567890,Customer/Collaborator,,,,,,Online,Available,Visible,,,,,,,1295|4876,1,1,1,1,434,44,1756,7,2211,1,1,,,,,,,,,,,,,,,,,,,,,2
https://stg.procore.com/en-ca/legal/api-terms-and-conditions,procoredev,200,stg.procore.com|CA|Company|Legal|Api Terms And Conditions,Company|Legal|Api Terms And Conditions,stg.procore.com,Before Unload,2019-07-26T18:45:02.55-07:00,8242495942,44748389011964579820108344715376192766,66838540.1564191610,stg.procore.com,/en-ca/legal/api-terms-and-conditions,22098,3,testid-1234567890,Customer/Collaborator,,,,,,Online,Available,Visible,,,,,,,1295|4876,2,1,1,1,266,72,1539,8,1853,,,,,,,,,,,,,,,,,,,,,,,2
https://stg.procore.com/en-ca/partners,procoredev,200,stg.procore.com|CA|Resource|Partners,Resource|Partners,stg.procore.com,Before Unload,2019-07-26T18:45:04.54-07:00,9036190860,44748389011964579820108344715376192766,66838540.1564191610,stg.procore.com,/en-ca/partners,5731,10,testid-1234567890,Customer/Collaborator,,,,,,,,,,,,,,,1225|1295|4876,2,1,1,1,274,74,1500,5,1795,1,,,,,,,,,,,,,,,,,,,,,,3
https://stg.procore.com/en-ca/platform,procoredev,200,stg.procore.com|CA|Product|Platform|Overview,Product|Platform|Overview,stg.procore.com,Before Unload,2019-07-26T18:45:06.462-07:00,4025678342,44748389011964579820108344715376192766,66838540.1564191610,stg.procore.com,/en-ca/platform,4799,13,testid-1234567890,Customer/Collaborator,,,,,,Online,Available,Visible,,,,,,,1295|4876,1,1,1,1,285,77,1610,7,1954,1,,,,,,,,,,,,,,,,,,,,,,2
https://stg.procore.com/en-ca/press,procoredev,200,stg.procore.com|CA|Company|Press|Overview,Company|Press|Overview,stg.procore.com,Before Unload,2019-07-26T18:45:07.776-07:00,9484172975,44748389011964579820108344715376192766,66838540.1564191610,stg.procore.com,/en-ca/press,13898,4,testid-1234567890,Customer/Collaborator,,,,,,,,,,,,,,,1295|4876,1,1,1,1,277,74,803,4,1098,,,,,,,,,,,,,,,,,,,,,,,2
https://stg.procore.com/en-ca/press/habitat-for-humanity-and-procore-partner-for-a-brush-with-kindness,procoredev,200,stg.procore.com|CA|Company|Press|Habitat For Humanity And Procore Partner For A Brush With Kindness,Company|Press|Habitat For Humanity And Procore Partner For A Brush With Kindness,stg.procore.com,Before Unload,2019-07-26T18:45:09.596-07:00,1988357611,44748389011964579820108344715376192766,66838540.1564191610,stg.procore.com,/en-ca/press/habitat-for-humanity-and-procore-partner-for-a-brush-with-kindness,3135,19,testid-1234567890,Customer/Collaborator,,,,,,,,,,,,,,,1295|4876,1,1,1,1,265,70,1339,4,1663,1,,,,,,,,,,,,,,,,,,,,,,2
https://stg.procore.com/en-ca/press/procore-acquires-bimanywhere,procoredev,200,stg.procore.com|CA|Company|Press|Procore Acquires Bimanywhere,Company|Press|Procore Acquires Bimanywhere,stg.procore.com,Before Unload,2019-07-26T18:45:11.312-07:00,8942288052,44748389011964579820108344715376192766,66838540.1564191610,stg.procore.com,/en-ca/press/procore-acquires-bimanywhere,2763,22,testid-1234567890,Customer/Collaborator,,,,,,Online,Available,Visible,,,,,,,1295|4876,1,1,1,1,283,75,770,8,1096,1,,,,,,,,,,,,,,,,,,,,,,2
https://stg.procore.com/en-ca/project-management,procoredev,200,stg.procore.com|CA|Product|Project Management|Overview,Product|Project Management|Overview,stg.procore.com,Before Unload,2019-07-26T18:45:13.233-07:00,2038874496,44748389011964579820108344715376192766,66838540.1564191610,stg.procore.com,/en-ca/project-management,4669,13,testid-1234567890,Customer/Collaborator,,,,,,,,,,,,,,,1295|4876,1,1,1,1,302,1,1404,4,1771,1,,,,,,,,,,,,,,,,,,,,,,2
https://stg.procore.com/en-ca/project-management/bidding,procoredev,200,stg.procore.com|CA|Product|Project Management|Bidding,Product|Project Management|Bidding,stg.procore.com,Before Unload,2019-07-26T18:45:15.523-07:00,8891335213,44748389011964579820108344715376192766,66838540.1564191610,stg.procore.com,/en-ca/project-management/bidding,4644,100,testid-1234567890,Customer/Collaborator,,,,,,Online,Available,Visible,,,,,,,1295|4876,1,1,1,1,127,1,1436,6,1625,1,1,1,1,1,1,,,,,,,,,,,,,,,,,2
https://stg.procore.com/en-ca/projects,procoredev,200,stg.procore.com|CA|Resource|Projects,Resource|Projects,stg.procore.com,Before Unload,2019-07-26T18:45:16.894-07:00,6709869624,44748389011964579820108344715376192766,66838540.1564191610,stg.procore.com,/en-ca/projects,6708,9,testid-1234567890,Customer/Collaborator,,,,,,,,,,,,,,,1295|4876,1,1,1,1,289,100,829,6,1139,,,,,,,,,,,,,,,,,,,,,,,2
https://stg.procore.com/en-ca/quality-safety,procoredev,200,stg.procore.com|CA|Product|Quality Safety|Overview,Product|Quality Safety|Overview,stg.procore.com,Before Unload,2019-07-26T18:45:18.889-07:00,2551364429,44748389011964579820108344715376192766,66838540.1564191610,stg.procore.com,/en-ca/quality-safety,4705,13,testid-1234567890,Customer/Collaborator,,,,,,,,,,,,,,,1295|4876,1,1,1,1,434,73,1395,4,1847,1,,,,,,,,,,,,,,,,,,,,,,2
https://stg.procore.com/en-ca/quality-safety/daily-log,procoredev,200,stg.procore.com|CA|Product|Quality Safety|Daily Log,Product|Quality Safety|Daily Log,stg.procore.com,Before Unload,2019-07-26T18:45:20.714-07:00,7666245376,44748389011964579820108344715376192766,66838540.1564191610,stg.procore.com,/en-ca/quality-safety/daily-log,4250,14,testid-1234567890,Customer/Collaborator,,,,,,,,,,,,,,,1295|4876,1,1,1,1,116,5,1535,4,1673,1,,,,,,,,,,,,,,,,,,,,,,2
https://stg.procore.com/en-ca/roadshow,procoredev,200,stg.procore.com|CA|Event|Roadshow,Event|Roadshow,stg.procore.com,Before Unload,2019-07-26T18:45:22.975-07:00,9943017793,44748389011964579820108344715376192766,66838540.1564191610,stg.procore.com,/en-ca/roadshow,870,69,testid-1234567890,Customer/Collaborator,,,,,,Online,Available,Visible,,,,,,,1295|4876,1,1,1,1,128,1,1741,6,1893,1,1,1,,,,,,,,,,,,,,,,,,,,2
https://stg.procore.com/en-ca/safety-qualified,procoredev,200,stg.procore.com|CA|Resource|Safety Qualified,Resource|Safety Qualified,stg.procore.com,Before Unload,2019-07-26T18:45:25.81-07:00,3562348756,44748389011964579820108344715376192766,66838540.1564191610,stg.procore.com,/en-ca/safety-qualified,8103,7,testid-1234567890,Customer/Collaborator,,,,,,,,,,,,,,,3609|1295|4876,1,1,1,1,282,82,1630,4,1953,,,,,,,,,,,,,,,,,,,,,,,3
https://stg.procore.com/en-ca/subcontractors,procoredev,200,stg.procore.com|CA|Solution|Subcontractors,Solution|Subcontractors,stg.procore.com,Before Unload,2019-07-26T18:45:27.349-07:00,6144980694,44748389011964579820108344715376192766,66838540.1564191610,stg.procore.com,/en-ca/subcontractors,8724,7,testid-1234567890,Customer/Collaborator,,,,,,Online,Available,Visible,,,,,,,1295|4876,1,1,1,1,470,77,1048,13,1545,,,,,,,,,,,,,,,,,,,,,,,2
https://stg.procore.com/en-ca/subs-demo,procoredev,200,stg.procore.com|CA|Marketing|Subs Demo,Marketing|Subs Demo,stg.procore.com,Before Unload,2019-07-26T18:45:29.232-07:00,2378971033,44748389011964579820108344715376192766,66838540.1564191610,stg.procore.com,/en-ca/subs-demo,2642,23,testid-1234567890,Customer/Collaborator,,,,,,,,,,,,,,,4876|1295,1,1,1,1,363,1,1348,4,1733,1,,,,,,,,,,,,,,,,,,,,,,2
https://stg.procore.com/en-ca/webinars,procoredev,200,stg.procore.com|CA|Resource|Webinars|Overview,Resource|Webinars|Overview,stg.procore.com,Before Unload,2019-07-26T18:45:33.332-07:00,3773434653,44748389011964579820108344715376192766,66838540.1564191610,stg.procore.com,/en-ca/webinars,19855,3,testid-1234567890,Customer/Collaborator,,4876,FirstName|LastName|Email|Phone|Company|Country|gDPRFormsConsent,7,+6,Online,Available,Visible,,,,Email|Country,FirstName|LastName|Email|Phone|Company|Country|gDPRFormsConsent,FirstName|LastName|Phone|Company|mktoButton|Email|submit,1295|4876|adb-870290252,1,1,1,1,260,71,1601,4,1907,,,,,,,,1,,1,6,,,,,,,,,,,,3
https://stg.procore.com/en-ca/workshops,procoredev,200,stg.procore.com|CA|Event|Workshops,Event|Workshops,stg.procore.com,Before Unload,2019-07-26T18:45:38.22-07:00,8962456950,44748389011964579820108344715376192766,66838540.1564191610,stg.procore.com,/en-ca/workshops,1689,36,testid-1234567890,Customer/Collaborator,,,,,,Online,Available,Visible,,,,,,,1295|4876,1,1,1,1,482,70,713,6,1218,1,1,,,,,,,,,,,,,,,,,,,,,2
https://stg.procore.com/en-ca/demo-thank-you,procoredev,200,stg.procore.com|CA|Marketing|Demo Thank You,Marketing|Demo Thank You,stg.procore.com,Before Unload,2019-07-26T18:45:39.275-07:00,3964759931,44748389011964579820108344715376192766,66838540.1564191610,stg.procore.com,/en-ca/demo-thank-you,2451,24,testid-1234567890,Customer/Collaborator,,,,,,,,,,,,,,,,2,1,1,1,423,1,770,6,1214,1,,,,,,,,,,,,,,,,,,,,,,
https://stg.procore.com/en-gb,procoredev,200,stg.procore.com|GB|Home,Home,stg.procore.com,Before Unload,2019-07-26T18:45:41.950-07:00,4499466438,44748389011964579820108344715376192766,66838540.1564191610,stg.procore.com,/en-gb,7798,100,testid-1234567890,Customer/Collaborator,,,,,,Online,Available,Visible,,,,,,,1295|4876,1,1,1,1,256,71,1651,7,1927,1,1,1,1,1,1,,,,,,,,,,,,,,,,,2
https://stg.procore.com/en-gb/about,procoredev,200,stg.procore.com|GB|Company|About,Company|About,stg.procore.com,Before Unload,2019-07-26T18:45:46.374-07:00,1219860577,44748389011964579820108344715376192766,66838540.1564191610,stg.procore.com,/en-gb/about,7145,100,testid-1234567890,Customer/Collaborator,,4876,FirstName|LastName|Email|Phone|Company|Country|gDPRFormsConsent,7,+6,Online,Available,Visible,,,,Email|Country,FirstName|LastName|Email|Phone|Company|Country|gDPRFormsConsent,FirstName|LastName|Phone|Company|mktoButton|Email|submit,1295|4876,1,1,1,1,140,3,1742,4,1911,1,1,1,1,1,1,,1,,1,6,,,,,,,,,,,,2
https://stg.procore.com/en-gb/blueprint,procoredev,200,stg.procore.com|GB|Resource|Blueprint,Resource|Blueprint,stg.procore.com,Before Unload,2019-07-26T18:45:48.328-07:00,4931457792,44748389011964579820108344715376192766,66838540.1564191610,stg.procore.com,/en-gb/blueprint,7571,8,testid-1234567890,Customer/Collaborator,,,,,,Online,Available,Visible,,,,,,,1295|4876,1,1,1,1,280,78,853,6,1154,,,,,,,,,,,,,,,,,,,,,,,2
https://stg.procore.com/en-gb/buildersclub,procoredev,200,stg.procore.com|GB|Resource|Builders Club,Resource|Builders Club,stg.procore.com,Before Unload,2019-07-26T18:45:52.577-07:00,9619178562,44748389011964579820108344715376192766,66838540.1564191610,stg.procore.com,/en-gb/buildersclub,3945,15,testid-1234567890,Customer/Collaborator,,4876,FirstName|LastName|Email|Phone|Company|Country|gDPRFormsConsent,7,+6,Online,Available,Visible,,,,Email|Country,FirstName|LastName|Email|Phone|Company|Country|gDPRFormsConsent,FirstName|LastName|Phone|Company|mktoButton|Email|submit,1295|4876,1,1,1,1,297,73,1416,7,1736,1,,,,,,,1,,1,6,,,,,,,,,,,,2
https://stg.procore.com/en-gb/certification,procoredev,200,stg.procore.com|GB|Resource|Certification,Resource|Certification,stg.procore.com,Before Unload,2019-07-26T18:45:56.614-07:00,7489009567,44748389011964579820108344715376192766,66838540.1564191610,stg.procore.com,/en-gb/certification,6161,10,testid-1234567890,Customer/Collaborator,,4876,FirstName|LastName|Email|Phone|Company|Country|gDPRFormsConsent,7,+6,Online,Available,Visible,,,,Email|Country,FirstName|LastName|Email|Phone|Company|Country|gDPRFormsConsent,FirstName|LastName|Phone|Company|mktoButton|Email|submit,1228|1295|4876|adb-65159129,1,1,1,1,120,3,1484,4,1624,1,,,,,,,1,,1,6,,,,,,,,,,,,4
https://stg.procore.com/en-gb/construction-financials,procoredev,200,stg.procore.com|GB|Product|Construction Financials|Overview,Product|Construction Financials|Overview,stg.procore.com,Before Unload,2019-07-26T18:45:58.545-07:00,9758070145,44748389011964579820108344715376192766,66838540.1564191610,stg.procore.com,/en-gb/construction-financials,5892,10,testid-1234567890,Customer/Collaborator,,,,,,,,,,,,,,,1295|4876,1,1,1,1,260,170,1478,4,1759,1,,,,,,,,,,,,,,,,,,,,,,2
https://stg.procore.com/en-gb/construction-financials/accounting-integrations,procoredev,200,stg.procore.com|GB|Product|Construction Financials|Accounting Integrations,Product|Construction Financials|Accounting Integrations,stg.procore.com,Before Unload,2019-07-26T18:46:00.906-07:00,7470537937,44748389011964579820108344715376192766,66838540.1564191610,stg.procore.com,/en-gb/construction-financials/accounting-integrations,9421,6,testid-1234567890,Customer/Collaborator,,,,,,,,,,,,,,,1295|4876,1,1,1,1,299,80,1017,7,1366,,,,,,,,,,,,,,,,,,,,,,,2
https://stg.procore.com/en-gb/continuing-education,procoredev,200,stg.procore.com|GB|Resource|Continuing Education,Resource|Continuing Education,stg.procore.com,Before Unload,2019-07-26T18:46:03.503-07:00,7095961139,44748389011964579820108344715376192766,66838540.1564191610,stg.procore.com,/en-gb/continuing-education,3941,100,testid-1234567890,Customer/Collaborator,,,,,,,,,,,,,,,1295|4876,1,1,1,1,346,43,1779,4,2174,1,1,1,1,1,1,,,,,,,,,,,,,,,,,2
https://stg.procore.com/en-gb/demo,procoredev,200,stg.procore.com|GB|Marketing|Demo,Marketing|Demo,stg.procore.com,Before Unload,2019-07-26T18:46:05.661-07:00,2220028759,44748389011964579820108344715376192766,66838540.1564191610,stg.procore.com,/en-gb/demo,2733,22,testid-1234567890,Customer/Collaborator,,,,,,Online,Available,Visible,,,,,,,4876|1295,1,1,1,1,422,77,1297,6,1762,1,,,,,,,,,,,,,,,,,,,,,,2
https://stg.procore.com/en-gb/engineering,procoredev,200,stg.procore.com|GB|Company|Engineering,Company|Engineering,stg.procore.com,Before Unload,2019-07-26T18:46:07.952-07:00,5029084240,44748389011964579820108344715376192766,66838540.1564191610,stg.procore.com,/en-gb/engineering,19521,3,testid-1234567890,Customer/Collaborator,,,,,,,,,,,,,,,,1,1,1,1,265,71,1742,10,2055,,,,,,,,,,,,,,,,,,,,,,,
https://stg.procore.com/en-gb/events,procoredev,200,stg.procore.com|GB|Event|Industry Events,Event|Industry Events,stg.procore.com,Before Unload,2019-07-26T18:46:09.690-07:00,3743586006,44748389011964579820108344715376192766,66838540.1564191610,stg.procore.com,/en-gb/events,870,69,testid-1234567890,Customer/Collaborator,,,,,,,,,,,,,,,1295|4876,1,1,1,1,283,67,1286,4,1587,1,1,1,,,,,,,,,,,,,,,,,,,,2
https://stg.procore.com/en-gb/field-productivity,procoredev,200,stg.procore.com|GB|Product|Field Productivity|Overview,Product|Field Productivity|Overview,stg.procore.com,Before Unload,2019-07-26T18:46:11.456-07:00,2767580231,44748389011964579820108344715376192766,66838540.1564191610,stg.procore.com,/en-gb/field-productivity,3396,18,testid-1234567890,Customer/Collaborator,,,,,,Online,Available,Visible,,,,,,,1295|4876,1,1,1,1,290,75,807,5,1142,1,,,,,,,,,,,,,,,,,,,,,,2
https://stg.procore.com/en-gb/field-productivity/crews,procoredev,200,stg.procore.com|GB|Product|Field Productivity|Crews,Product|Field Productivity|Crews,stg.procore.com,Before Unload,2019-07-26T18:46:12.652-07:00,7747593647,44748389011964579820108344715376192766,66838540.1564191610,stg.procore.com,/en-gb/field-productivity/crews,3642,16,testid-1234567890,Customer/Collaborator,,,,,,,,,,,,,,,1295|4876,1,1,1,1,285,76,721,3,1024,1,,,,,,,,,,,,,,,,,,,,,,2
https://stg.procore.com/en-gb/innovation-lab,procoredev,200,stg.procore.com|GB|Event|Innovation Lab,Event|Innovation Lab,stg.procore.com,Before Unload,2019-07-26T18:46:14.557-07:00,2825914615,44748389011964579820108344715376192766,66838540.1564191610,stg.procore.com,/en-gb/innovation-lab,6573,9,testid-1234567890,Customer/Collaborator,,,,,,,,,,,,,,,1213|1295|4876,1,1,1,1,124,4,1590,5,1754,,,,,,,,,,,,,,,,,,,,,,,3
https://stg.procore.com/en-gb/jobs,procoredev,200,stg.procore.com|GB|Company|Jobs,Company|Jobs,stg.procore.com,Before Unload,2019-07-26T18:46:16.839-07:00,2394396789,44748389011964579820108344715376192766,66838540.1564191610,stg.procore.com,/en-gb/jobs,4349,14,testid-1234567890,Customer/Collaborator,,,,,,Online,Available,Visible,,,,,,,1295|4876,1,1,1,1,128,2,1606,10,1798,1,,,,,,,,,,,,,,,,,,,,,,2
https://stg.procore.com/en-gb/jobs/benefits,procoredev,200,stg.procore.com|GB|Company|Jobs|Benefits,Company|Jobs|Benefits,stg.procore.com,Before Unload,2019-07-26T18:46:18.928-07:00,5848100735,44748389011964579820108344715376192766,66838540.1564191610,stg.procore.com,/en-gb/jobs/benefits,4388,14,testid-1234567890,Customer/Collaborator,,,,,,,,,,,,,,,1295|4876,2,1,1,1,285,55,1591,4,1937,1,,,,,,,,,,,,,,,,,,,,,,2
https://stg.procore.com/en-gb/jobs/openings,procoredev,200,stg.procore.com|GB|Company|Jobs|Openings,Company|Jobs|Openings,stg.procore.com,Before Unload,2019-07-26T18:46:22.706-07:00,9654386016,44748389011964579820108344715376192766,66838540.1564191610,stg.procore.com,/en-gb/jobs/openings,18596,3,testid-1234567890,Customer/Collaborator,,4876,FirstName|LastName|Email|Phone|Company|Country|gDPRFormsConsent,7,+6,Online,Available,Visible,,,,Email|Country,FirstName|LastName|Email|Phone|Company|Country|gDPRFormsConsent,FirstName|LastName|Phone|Company|mktoButton|Email|submit,1295|4876,1,1,1,1,124,70,1389,4,1531,,,,,,,,1,,1,6,,,,,,,,,,,,2
https://stg.procore.com/en-gb/jobs/openings/1056317,procoredev,200,stg.procore.com|US|Company|Jobs|Openings|1056317,Company|Jobs|Openings|1056317,stg.procore.com,Before Unload,2019-07-26T18:46:25.583-07:00,2201509496,44748389011964579820108344715376192766,66838540.1564191610,stg.procore.com,/en-gb/jobs/openings/1056317,10702,100,testid-1234567890,Customer/Collaborator,,,,,,,,,,,,,,,1295|4876,2,1,1,1,294,77,1864,4,2178,1,1,1,1,1,1,,,,,,,,,,,,,,,,,2
https://stg.procore.com/en-gb/jobs/sales,procoredev,200,stg.procore.com|GB|Company|Jobs|Sales,Company|Jobs|Sales,stg.procore.com,Before Unload,2019-07-26T18:46:27.699-07:00,7601225742,44748389011964579820108344715376192766,66838540.1564191610,stg.procore.com,/en-gb/jobs/sales,4432,14,testid-1234567890,Customer/Collaborator,,,,,,,,,,,,,,,1295|4876,1,1,1,1,272,72,1527,4,1918,1,,,,,,,,,,,,,,,,,,,,,,2
https://stg.procore.com/en-gb/legal,procoredev,200,stg.procore.com|GB|Company|Legal|Overview,Company|Legal|Overview,stg.procore.com,Before Unload,2019-07-26T18:46:29.225-07:00,8806875523,44748389011964579820108344715376192766,66838540.1564191610,stg.procore.com,/en-gb/legal,1478,100,testid-1234567890,Customer/Collaborator,,,,,,,,,,,,,,,1295|4876,1,1,1,1,296,2,726,6,1068,1,1,1,1,1,1,,,,,,,,,,,,,,,,,2
https://stg.procore.com/en-gb/legal/api-terms-and-conditions,procoredev,200,stg.procore.com|GB|Company|Legal|Api Terms And Conditions,Company|Legal|Api Terms And Conditions,stg.procore.com,Before Unload,2019-07-26T18:46:31.551-07:00,6364435916,44748389011964579820108344715376192766,66838540.1564191610,stg.procore.com,/en-gb/legal/api-terms-and-conditions,22126,100,testid-1234567890,Customer/Collaborator,,,,,,Online,Available,Visible,,,,,,,1295|4876,1,1,1,1,132,5,795,6,985,1,1,1,1,1,1,,,,,,,,,,,,,,,,,2
https://stg.procore.com/en-gb/partners,procoredev,200,stg.procore.com|GB|Resource|Partners,Resource|Partners,stg.procore.com,Before Unload,2019-07-26T18:46:35.523-07:00,2319563242,44748389011964579820108344715376192766,66838540.1564191610,stg.procore.com,/en-gb/partners,5731,10,testid-1234567890,Customer/Collaborator,,4876,FirstName|LastName|Email|Phone|Company|Country|gDPRFormsConsent,7,+6,Online,Available,Visible,,,,Email|Country,FirstName|LastName|Email|Phone|Company|Country|gDPRFormsConsent,FirstName|LastName|Phone|Company|mktoButton|Email|submit,1225|1295|4876|adb-684167539,1,1,1,1,279,73,1428,4,1727,1,,,,,,,1,,1,6,,,,,,,,,,,,4
https://stg.procore.com/en-gb/platform,procoredev,200,stg.procore.com|GB|Product|Platform|Overview,Product|Platform|Overview,stg.procore.com,Before Unload,2019-07-26T18:46:40.21-07:00,7742599192,44748389011964579820108344715376192766,66838540.1564191610,stg.procore.com,/en-gb/platform,4799,13,testid-1234567890,Customer/Collaborator,,4876,FirstName|LastName|Email|Phone|Company|Country|gDPRFormsConsent,7,+6,Online,Available,Visible,,,,Email|Country,FirstName|LastName|Email|Phone|Company|Country|gDPRFormsConsent,FirstName|LastName|Phone|Company|mktoButton|Email|submit,1295|4876|adb-1899266761,1,1,1,1,279,126,1537,4,1835,1,,,,,,,1,,1,6,,,,,,,,,,,,3
https://stg.procore.com/en-gb/press,procoredev,200,stg.procore.com|GB|Company|Press|Overview,Company|Press|Overview,stg.procore.com,Before Unload,2019-07-26T18:46:44.289-07:00,1901476611,44748389011964579820108344715376192766,66838540.1564191610,stg.procore.com,/en-gb/press,13898,4,testid-1234567890,Customer/Collaborator,,4876,FirstName|LastName|Email|Phone|Company|Country|gDPRFormsConsent,7,+6,Online,Available,Visible,,,,Email|Country,FirstName|LastName|Email|Phone|Company|Country|gDPRFormsConsent,FirstName|LastName|Phone|Company|mktoButton|Email|submit,1295|4876,1,1,1,1,442,70,1589,4,2049,,,,,,,,1,,1,6,,,,,,,,,,,,2
https://stg.procore.com/en-gb/press/habitat-for-humanity-and-procore-partner-for-a-brush-with-kindness,procoredev,200,stg.procore.com|GB|Company|Press|Habitat For Humanity And Procore Partner For A Brush With Kindness,Company|Press|Habitat For Humanity And Procore Partner For A Brush With Kindness,stg.procore.com,Before Unload,2019-07-26T18:46:45.529-07:00,9271848537,44748389011964579820108344715376192766,66838540.1564191610,stg.procore.com,/en-gb/press/habitat-for-humanity-and-procore-partner-for-a-brush-with-kindness,3135,19,testid-1234567890,Customer/Collaborator,,,,,,,,,,,,,,,1295|4876,2,1,1,1,123,3,750,6,895,1,,,,,,,,,,,,,,,,,,,,,,2
https://stg.procore.com/en-gb/press/procore-acquires-bimanywhere,procoredev,200,stg.procore.com|GB|Company|Press|Procore Acquires Bimanywhere,Company|Press|Procore Acquires Bimanywhere,stg.procore.com,Before Unload,2019-07-26T18:46:47.575-07:00,3792786098,44748389011964579820108344715376192766,66838540.1564191610,stg.procore.com,/en-gb/press/procore-acquires-bimanywhere,2791,100,testid-1234567890,Customer/Collaborator,,,,,,,,,,,,,,,1295|4876,1,1,1,1,281,74,1292,3,1622,1,1,1,1,1,1,,,,,,,,,,,,,,,,,2
https://stg.procore.com/en-gb/project-management/bidding,procoredev,200,stg.procore.com|GB|Product|Project Management|Bidding,Product|Project Management|Bidding,stg.procore.com,Before Unload,2019-07-26T18:46:51.643-07:00,8241589379,44748389011964579820108344715376192766,66838540.1564191610,stg.procore.com,/en-gb/project-management/bidding,4644,13,testid-1234567890,Customer/Collaborator,,,,,,,,,,,,,,,1295|4876,1,1,1,1,288,74,1240,4,1572,1,,,,,,,,,,,,,,,,,,,,,,2
https://stg.procore.com/en-gb/projects,procoredev,200,stg.procore.com|GB|Resource|Projects,Resource|Projects,stg.procore.com,Before Unload,2019-07-26T18:46:53.634-07:00,2258875682,44748389011964579820108344715376192766,66838540.1564191610,stg.procore.com,/en-gb/projects,6736,100,testid-1234567890,Customer/Collaborator,,,,,,Online,Available,Visible,,,,,,,1295|4876,1,1,1,1,133,4,754,8,916,1,1,1,1,1,1,,,,,,,,,,,,,,,,,2
https://stg.procore.com/en-gb/quality-safety,procoredev,200,stg.procore.com|GB|Product|Quality Safety|Overview,Product|Quality Safety|Overview,stg.procore.com,Before Unload,2019-07-26T18:46:54.817-07:00,3747438285,44748389011964579820108344715376192766,66838540.1564191610,stg.procore.com,/en-gb/quality-safety,4761,13,testid-1234567890,Customer/Collaborator,,,,,,,,,,,,,,,1295|4876,1,1,1,1,134,1,796,6,951,1,,,,,,,,,,,,,,,,,,,,,,2
https://stg.procore.com/en-gb/quality-safety/daily-log,procoredev,200,stg.procore.com|GB|Product|Quality Safety|Daily Log,Product|Quality Safety|Daily Log,stg.procore.com,Before Unload,2019-07-26T18:47:20.697-07:00,4659721909,44748389011964579820108344715376192766,66838540.1564191610,stg.procore.com,/en-gb/quality-safety/daily-log,4250,14,testid-1234567890,Customer/Collaborator,,,,,,Online,Available,Visible,,,,,,,1295|4876,3,1,1,1,279,80,24988,10,25322,1,,,,,,,,,,,,,,,,,,,,,,2
https://stg.procore.com/en-gb/roadshow,procoredev,200,stg.procore.com|GB|Event|Roadshow,Event|Roadshow,stg.procore.com,Before Unload,2019-07-26T18:47:22.863-07:00,8074608657,44748389011964579820108344715376192766,66838540.1564191610,stg.procore.com,/en-gb/roadshow,898,100,testid-1234567890,Customer/Collaborator,,,,,,,,,,,,,,,1295|4876,1,1,1,1,296,78,1493,5,1809,1,1,1,1,1,1,,,,,,,,,,,,,,,,,2
https://stg.procore.com/en-gb/safety-qualified,procoredev,200,stg.procore.com|GB|Resource|Safety Qualified,Resource|Safety Qualified,stg.procore.com,Before Unload,2019-07-26T18:48:07.23-07:00,3035340473,44748389011964579820108344715376192766,66838540.1564191610,stg.procore.com,/en-gb/safety-qualified,8103,7,testid-1234567890,Customer/Collaborator,,4876,FirstName|LastName|Email|Phone|Company|Country|gDPRFormsConsent,7,+6,Online,Available,Visible,,,,Email|Country,FirstName|LastName|Email|Phone|Company|Country|gDPRFormsConsent,FirstName|LastName|Phone|Company|mktoButton|Email|submit,3609|1295|4876,1,1,1,1,279,70,1409,5,1734,,,,,,,,1,,1,6,,,,,,,,,,,,3
https://stg.procore.com/en-gb/subcontractors,procoredev,200,stg.procore.com|GB|Solution|Subcontractors,Solution|Subcontractors,stg.procore.com,Before Unload,2019-07-26T18:48:11.839-07:00,3066523104,44748389011964579820108344715376192766,66838540.1564191610,stg.procore.com,/en-gb/subcontractors,8752,100,testid-1234567890,Customer/Collaborator,,,,,,Online,Available,Visible,,,,,,,1295|4876,1,1,1,1,526,1,3172,14,3753,1,1,1,1,1,1,,,,,,,,,,,,,,,,,2
https://stg.procore.com/en-gb/subs-demo,procoredev,200,stg.procore.com|GB|Marketing|Subs Demo,Marketing|Subs Demo,stg.procore.com,Before Unload,2019-07-26T18:48:13.896-07:00,5865693332,44748389011964579820108344715376192766,66838540.1564191610,stg.procore.com,/en-gb/subs-demo,2946,100,testid-1234567890,Customer/Collaborator,,,,,,,,,,,,,,,4876|1295,1,1,1,1,298,1,1313,4,1634,1,1,1,1,1,1,,,,,,,,,,,,,,,,,2
https://stg.procore.com/en-gb/webinars,procoredev,200,stg.procore.com|GB|Resource|Webinars|Overview,Resource|Webinars|Overview,stg.procore.com,Before Unload,2019-07-26T18:48:18.151-07:00,4018464614,44748389011964579820108344715376192766,66838540.1564191610,stg.procore.com,/en-gb/webinars,19793,100,testid-1234567890,Customer/Collaborator,,4876,FirstName|LastName|Email|Phone|Company|Country|gDPRFormsConsent,7,+6,Online,Available,Visible,,,,Email|Country,FirstName|LastName|Email|Phone|Company|Country|gDPRFormsConsent,FirstName|LastName|Phone|Company|mktoButton|Email|submit,1295|4876,1,1,1,1,139,2,1495,4,1653,1,1,1,1,1,1,,1,,1,6,,,,,,,,,,,,2
https://stg.procore.com/en-gb/workshops,procoredev,200,stg.procore.com|GB|Event|Workshops,Event|Workshops,stg.procore.com,Before Unload,2019-07-26T18:48:19.991-07:00,3696185615,44748389011964579820108344715376192766,66838540.1564191610,stg.procore.com,/en-gb/workshops,1661,36,testid-1234567890,Customer/Collaborator,,,,,,Online,Available,Visible,,,,,,,1295|4876,2,1,1,1,326,50,901,7,1251,1,1,,,,,,,,,,,,,,,,,,,,,2
https://stg.procore.com/engineering,procoredev,200,stg.procore.com|US|Company|Engineering,Company|Engineering,stg.procore.com,Before Unload,2019-07-26T18:48:21.806-07:00,6598361169,44748389011964579820108344715376192766,66838540.1564191610,stg.procore.com,/engineering,19521,3,testid-1234567890,Customer/Collaborator,,,,,,,,,,,,,,,,1,1,1,1,274,106,1358,9,1657,,,,,,,,,,,,,,,,,,,,,,,
https://stg.procore.com/events,procoredev,200,stg.procore.com|US|Event|Industry Events,Event|Industry Events,stg.procore.com,Before Unload,2019-07-26T18:48:23.861-07:00,7734991407,44748389011964579820108344715376192766,66838540.1564191610,stg.procore.com,/events,870,69,testid-1234567890,Customer/Collaborator,,,,,,Online,Available,Visible,,,,,,,1295|4876,1,1,1,1,460,76,922,6,1402,1,1,1,,,,,,,,,,,,,,,,,,,,2
https://stg.procore.com/field-productivity,procoredev,200,stg.procore.com|US|Product|Field Productivity|Overview,Product|Field Productivity|Overview,stg.procore.com,Before Unload,2019-07-26T18:48:25.900-07:00,3946607629,44748389011964579820108344715376192766,66838540.1564191610,stg.procore.com,/field-productivity,3350,18,testid-1234567890,Customer/Collaborator,,,,,,,,,,,,,,,1295|4876,1,1,1,1,310,81,1564,4,1893,1,,,,,,,,,,,,,,,,,,,,,,2
https://stg.procore.com/field-productivity/crews,procoredev,200,stg.procore.com|US|Product|Field Productivity|Crews,Product|Field Productivity|Crews,stg.procore.com,Before Unload,2019-07-26T18:48:30.134-07:00,5388167459,44748389011964579820108344715376192766,66838540.1564191610,stg.procore.com,/field-productivity/crews,3642,16,testid-1234567890,Customer/Collaborator,,4876,FirstName|LastName|Email|Phone|Company|Country|gDPRFormsConsent,7,+6,Online,Available,Visible,,,,Email|Country,FirstName|LastName|Email|Phone|Company|Country|gDPRFormsConsent,FirstName|LastName|Phone|Company|mktoButton|Email|submit,1295|4876,1,1,1,1,292,80,1681,3,2025,1,,,,,,,1,,1,6,,,,,,,,,,,,2
https://stg.procore.com/field-productivity/timesheets,procoredev,200,stg.procore.com|US|Product|Field Productivity|Timesheets,Product|Field Productivity|Timesheets,stg.procore.com,Before Unload,2019-07-26T18:48:34.303-07:00,8525965956,44748389011964579820108344715376192766,66838540.1564191610,stg.procore.com,/field-productivity/timesheets,4123,100,testid-1234567890,Customer/Collaborator,,4876,FirstName|LastName|Email|Phone|Company|Country|gDPRFormsConsent,7,+6,Online,Available,Visible,,,,Email|Country,FirstName|LastName|Email|Phone|Company|Country|gDPRFormsConsent,FirstName|LastName|Phone|Company|mktoButton|Email|submit,1295|4876,1,1,1,1,138,1,1559,4,1717,1,1,1,1,1,1,,1,,1,6,,,,,,,,,,,,2
https://stg.procore.com/innovation-lab,procoredev,200,stg.procore.com|US|Event|Innovation Lab,Event|Innovation Lab,stg.procore.com,Before Unload,2019-07-26T18:48:37.308-07:00,1905246396,44748389011964579820108344715376192766,66838540.1564191610,stg.procore.com,/innovation-lab,6601,100,testid-1234567890,Customer/Collaborator,,,,,,Online,Available,Visible,,,,,,,1213|1295|4876,1,1,1,1,273,75,1717,6,2009,1,1,1,1,1,1,,,,,,,,,,,,,,,,,3
https://stg.procore.com/jobs,procoredev,200,stg.procore.com|US|Company|Jobs,Company|Jobs,stg.procore.com,Before Unload,2019-07-26T18:48:46.988-07:00,7230430102,44748389011964579820108344715376192766,66838540.1564191610,stg.procore.com,/jobs,4349,14,testid-1234567890,Customer/Collaborator,,4876,FirstName|LastName|Email|Phone|Company|Country|gDPRFormsConsent,7,+6,Online,Available,Visible,,,,Email|Country,FirstName|LastName|Email|Phone|Company|Country|gDPRFormsConsent,FirstName|LastName|Phone|Company|mktoButton|Email|submit,1295|4876,1,1,1,1,271,76,1665,9,1960,1,,,,,,,1,,1,6,,,,,,,,,,,,2
https://stg.procore.com/jobs/benefits,procoredev,200,stg.procore.com|US|Company|Jobs|Benefits,Company|Jobs|Benefits,stg.procore.com,Before Unload,2019-07-26T18:48:51.870-07:00,8450356009,44748389011964579820108344715376192766,66838540.1564191610,stg.procore.com,/jobs/benefits,4388,14,testid-1234567890,Customer/Collaborator,,4876,FirstName|LastName|Email|Phone|Company|Country|gDPRFormsConsent,7,+6,Online,Available,Visible,,,,Email|Country,FirstName|LastName|Email|Phone|Company|Country|gDPRFormsConsent,FirstName|LastName|Phone|Company|mktoButton|Email|submit,1295|4876,1,1,1,1,282,80,1927,6,2231,1,,,,,,,1,,1,6,,,,,,,,,,,,2
https://stg.procore.com/jobs/openings,procoredev,200,stg.procore.com|US|Company|Jobs|Openings,Company|Jobs|Openings,stg.procore.com,Before Unload,2019-07-26T18:48:56.309-07:00,3702736206,44748389011964579820108344715376192766,66838540.1564191610,stg.procore.com,/jobs/openings,18816,3,testid-1234567890,Customer/Collaborator,,4876,FirstName|LastName|Email|Phone|Company|Country|gDPRFormsConsent,7,+6,Online,Available,Visible,,,,Email|Country,FirstName|LastName|Email|Phone|Company|Country|gDPRFormsConsent,FirstName|LastName|Phone|Company|mktoButton|Email|submit,1295|4876,1,1,1,1,478,76,1687,4,2184,,,,,,,,1,,1,6,,,,,,,,,,,,2
https://stg.procore.com/jobs/openings/1056317,procoredev,200,stg.procore.com|US|Company|Jobs|Openings|1056317,Company|Jobs|Openings|1056317,stg.procore.com,Before Unload,2019-07-26T18:48:59.15-07:00,1650297670,44748389011964579820108344715376192766,66838540.1564191610,stg.procore.com,/jobs/openings/1056317,11012,5,testid-1234567890,Customer/Collaborator,,,,,,Online,Available,Visible,,,,,,,1295|4876,1,1,1,1,570,23,1673,6,2264,,,,,,,,,,,,,,,,,,,,,,,2
https://stg.procore.com/jobs/sales,procoredev,200,stg.procore.com|US|Company|Jobs|Sales,Company|Jobs|Sales,stg.procore.com,Before Unload,2019-07-26T18:49:01.152-07:00,5361360740,44748389011964579820108344715376192766,66838540.1564191610,stg.procore.com,/jobs/sales,4432,14,testid-1234567890,Customer/Collaborator,,,,,,,,,,,,,,,1295|4876,1,1,1,1,292,80,1613,6,1977,1,,,,,,,,,,,,,,,,,,,,,,2
https://stg.procore.com/legal,procoredev,200,stg.procore.com|US|Company|Legal|Overview,Company|Legal|Overview,stg.procore.com,Before Unload,2019-07-26T18:49:05.707-07:00,9595978149,44748389011964579820108344715376192766,66838540.1564191610,stg.procore.com,/legal,1478,100,testid-1234567890,Customer/Collaborator,,4876,FirstName|LastName|Email|Phone|Company|Country|gDPRFormsConsent,7,+6,Online,Available,Visible,,,,Email|Country,FirstName|LastName|Email|Phone|Company|Country|gDPRFormsConsent,FirstName|LastName|Phone|Company|mktoButton|Email|submit,1295|4876,2,1,1,1,280,77,1641,4,1975,1,1,1,1,1,1,,1,,1,6,,,,,,,,,,,,2
https://stg.procore.com/legal/api-terms-and-conditions,procoredev,200,stg.procore.com|US|Company|Legal|Api Terms And Conditions,Company|Legal|Api Terms And Conditions,stg.procore.com,Before Unload,2019-07-26T18:49:08.155-07:00,9721908590,44748389011964579820108344715376192766,66838540.1564191610,stg.procore.com,/legal/api-terms-and-conditions,22126,100,testid-1234567890,Customer/Collaborator,,,,,,,,,,,,,,,1295|4876,1,1,1,1,272,72,1665,4,1956,1,1,1,1,1,1,,,,,,,,,,,,,,,,,2
https://stg.procore.com/partners,procoredev,200,stg.procore.com|US|Resource|Partners,Resource|Partners,stg.procore.com,Before Unload,2019-07-26T18:49:10.486-07:00,4791691952,44748389011964579820108344715376192766,66838540.1564191610,stg.procore.com,/partners,5731,10,testid-1234567890,Customer/Collaborator,,,,,,,,,,,,,,,1225|1295|4876,1,1,1,1,293,80,1809,4,2150,1,,,,,,,,,,,,,,,,,,,,,,3
https://stg.procore.com/platform,procoredev,200,stg.procore.com|US|Product|Platform|Overview,Product|Platform|Overview,stg.procore.com,Before Unload,2019-07-26T18:49:14.374-07:00,8688897811,44748389011964579820108344715376192766,66838540.1564191610,stg.procore.com,/platform,4827,100,testid-1234567890,Customer/Collaborator,,,,,,,,,,,,,,,1295|4876,1,1,1,1,176,4,3267,6,3473,1,1,1,1,1,1,,,,,,,,,,,,,,,,,2
https://stg.procore.com/press,procoredev,200,stg.procore.com|US|Company|Press|Overview,Company|Press|Overview,stg.procore.com,Before Unload,2019-07-26T18:49:19.581-07:00,2063244575,44748389011964579820108344715376192766,66838540.1564191610,stg.procore.com,/press,13926,4,testid-1234567890,Customer/Collaborator,,,,,,Online,Available,Visible,,,,,,,1295|4876,1,1,1,1,434,75,1448,5,1900,,,,,,,,,,,,,,,,,,,,,,,2
https://stg.procore.com/demo-thank-you,procoredev,200,stg.procore.com|US|Marketing|Demo Thank You,Marketing|Demo Thank You,stg.procore.com,Before Unload,2019-07-26T18:49:21.241-07:00,4689839976,44748389011964579820108344715376192766,66838540.1564191610,stg.procore.com,/demo-thank-you,3024,20,testid-1234567890,Customer/Collaborator,,,,,,,,,,,,,,,1295,3,1,1,1,435,1,734,6,1192,1,,,,,,,,,,,,,,,,,,,,,,1
https://stg.procore.com/press/habitat-for-humanity-and-procore-partner-for-a-brush-with-kindness,procoredev,200,stg.procore.com|US|Company|Press|Habitat For Humanity And Procore Partner For A Brush With Kindness,Company|Press|Habitat For Humanity And Procore Partner For A Brush With Kindness,stg.procore.com,Before Unload,2019-07-26T18:49:22.482-07:00,1490520149,44748389011964579820108344715376192766,66838540.1564191610,stg.procore.com,/press/habitat-for-humanity-and-procore-partner-for-a-brush-with-kindness,3135,19,testid-1234567890,Customer/Collaborator,,,,,,,,,,,,,,,1295|4876,1,1,1,1,264,155,772,6,1054,1,,,,,,,,,,,,,,,,,,,,,,2
https://stg.procore.com/press/procore-acquires-bimanywhere,procoredev,200,stg.procore.com|US|Company|Press|Procore Acquires Bimanywhere,Company|Press|Procore Acquires Bimanywhere,stg.procore.com,Before Unload,2019-07-26T18:49:24.306-07:00,2993394561,44748389011964579820108344715376192766,66838540.1564191610,stg.procore.com,/press/procore-acquires-bimanywhere,2791,100,testid-1234567890,Customer/Collaborator,,,,,,,,,,,,,,,1295|4876|adb-2139633478,1,1,1,1,273,75,1016,4,1340,1,1,1,1,1,1,,,,,,,,,,,,,,,,,3
https://stg.procore.com/project-management,procoredev,200,stg.procore.com|US|Product|Project Management|Overview,Product|Project Management|Overview,stg.procore.com,Before Unload,2019-07-26T18:49:26.378-07:00,3743996821,44748389011964579820108344715376192766,66838540.1564191610,stg.procore.com,/project-management,4669,100,testid-1234567890,Customer/Collaborator,,,,,,,,,,,,,,,1295|4876,1,1,1,1,272,70,1314,4,1631,1,1,1,1,1,1,,,,,,,,,,,,,,,,,2
https://stg.procore.com/project-management/bidding,procoredev,200,stg.procore.com|US|Product|Project Management|Bidding,Product|Project Management|Bidding,stg.procore.com,Before Unload,2019-07-26T18:50:10.539-07:00,8010255424,44748389011964579820108344715376192766,66838540.1564191610,stg.procore.com,/project-management/bidding,4588,100,testid-1234567890,Customer/Collaborator,,4876,FirstName|LastName|Email|Phone|Company|Country|gDPRFormsConsent,7,+6,Online,Available,Visible,,,,Email|Country,FirstName|LastName|Email|Phone|Company|Country|gDPRFormsConsent,FirstName|LastName|Phone|Company|mktoButton|Email|submit,1295|4876|adb-955257361,2,1,1,1,284,82,934,7,1265,1,1,1,1,1,1,,1,,1,6,,,,,,,,,,,,3
https://stg.procore.com/projects,procoredev,200,stg.procore.com|US|Resource|Projects,Resource|Projects,stg.procore.com,Before Unload,2019-07-26T18:50:16.352-07:00,7696779939,44748389011964579820108344715376192766,66838540.1564191610,stg.procore.com,/projects,6708,9,testid-1234567890,Customer/Collaborator,,4876,FirstName|LastName|Email|Phone|Company|Country|gDPRFormsConsent,7,+6,Online,Available,Visible,,,,Email|Country,FirstName|LastName|Email|Phone|Company|Country|gDPRFormsConsent,FirstName|LastName|Phone|Company|mktoButton|Email|submit,1295|4876,1,1,1,1,460,2,3095,7,3589,,,,,,,,1,,1,6,,,,,,,,,,,,2
https://stg.procore.com/quality-safety,procoredev,200,stg.procore.com|US|Product|Quality Safety|Overview,Product|Quality Safety|Overview,stg.procore.com,Before Unload,2019-07-26T18:50:17.910-07:00,5418734519,44748389011964579820108344715376192766,66838540.1564191610,stg.procore.com,/quality-safety,4705,13,testid-1234567890,Customer/Collaborator,,,,,,,,,,,,,,,1295|4876,1,1,1,1,302,91,1030,8,1355,1,,,,,,,,,,,,,,,,,,,,,,2
https://stg.procore.com/quality-safety/daily-log,procoredev,200,stg.procore.com|US|Product|Quality Safety|Daily Log,Product|Quality Safety|Daily Log,stg.procore.com,Before Unload,2019-07-26T18:50:19.694-07:00,3905836571,44748389011964579820108344715376192766,66838540.1564191610,stg.procore.com,/quality-safety/daily-log,4250,14,testid-1234567890,Customer/Collaborator,,,,,,,,,,,,,,,1295|4876,1,1,1,1,358,70,1220,4,1633,1,,,,,,,,,,,,,,,,,,,,,,2
https://stg.procore.com/roadshow,procoredev,200,stg.procore.com|US|Event|Roadshow,Event|Roadshow,stg.procore.com,Before Unload,2019-07-26T18:50:21.485-07:00,9017874655,44748389011964579820108344715376192766,66838540.1564191610,stg.procore.com,/roadshow,870,69,testid-1234567890,Customer/Collaborator,,,,,,,,,,,,,,,1295|4876,1,1,1,1,135,1,1417,4,1640,1,1,1,,,,,,,,,,,,,,,,,,,,2
https://stg.procore.com/roi,procoredev,200,stg.procore.com|US|Resource|ROI,Resource|ROI,stg.procore.com,Before Unload,2019-07-26T18:50:23.605-07:00,2572122764,44748389011964579820108344715376192766,66838540.1564191610,stg.procore.com,/roi,3655,100,testid-1234567890,Customer/Collaborator,,,,,,,,,,,,,,,1295|4876,1,1,1,1,265,76,1390,4,1711,1,1,1,1,1,1,,,,,,,,,,,,,,,,,2
https://stg.procore.com/safety-qualified,procoredev,200,stg.procore.com|US|Resource|Safety Qualified,Resource|Safety Qualified,stg.procore.com,Before Unload,2019-07-26T18:50:25.714-07:00,8902958284,44748389011964579820108344715376192766,66838540.1564191610,stg.procore.com,/safety-qualified,8103,7,testid-1234567890,Customer/Collaborator,,,,,,,,,,,,,,,3609|1295|4876,1,1,1,1,120,2,1625,4,1933,,,,,,,,,,,,,,,,,,,,,,,3
https://stg.procore.com/subcontractors,procoredev,200,stg.procore.com|US|Solution|Subcontractors,Solution|Subcontractors,stg.procore.com,Before Unload,2019-07-26T18:50:30.91-07:00,1219878471,44748389011964579820108344715376192766,66838540.1564191610,stg.procore.com,/subcontractors,8724,7,testid-1234567890,Customer/Collaborator,,4876,FirstName|LastName|Email|Phone|Company|Country|gDPRFormsConsent,7,+6,Online,Available,Visible,,,,Email|Country,FirstName|LastName|Email|Phone|Company|Country|gDPRFormsConsent,FirstName|LastName|Phone|Company|mktoButton|Email|submit,1295|4876,1,1,1,1,288,206,1603,9,1942,,,,,,,,1,,1,6,,,,,,,,,,,,2
https://stg.procore.com/subs-demo,procoredev,200,stg.procore.com|US|Marketing|Subs Demo,Marketing|Subs Demo,stg.procore.com,Before Unload,2019-07-26T18:50:31.335-07:00,8144931866,44748389011964579820108344715376192766,66838540.1564191610,stg.procore.com,/subs-demo,2918,25,testid-1234567890,Customer/Collaborator,,,,,,,,,,,,,,,4876|1295,1,1,1,1,265,1,722,7,1011,1,1,,,,,,,,,,,,,,,,,,,,,2
https://stg.procore.com/tour,procoredev,200,stg.procore.com|US|Marketing|Tour,Marketing|Tour,stg.procore.com,Before Unload,2019-07-26T18:51:23.592-07:00,1916256772,44748389011964579820108344715376192766,66838540.1564191610,stg.procore.com,/tour,2677,100,testid-1234567890,Customer/Collaborator,,,,,,,,,,,,,,,1715|4876,2,1,1,1,149,2,1615,8,1789,1,1,1,1,1,1,,,,,,,,,,,,,,,,,2
https://stg.procore.com/webinars,procoredev,200,stg.procore.com|US|Resource|Webinars|Overview,Resource|Webinars|Overview,stg.procore.com,Before Unload,2019-07-26T18:51:25.872-07:00,8273763458,44748389011964579820108344715376192766,66838540.1564191610,stg.procore.com,/webinars,19765,3,testid-1234567890,Customer/Collaborator,,,,,,,,,,,,,,,1295|4876,1,1,1,1,294,77,1812,7,2128,,,,,,,,,,,,,,,,,,,,,,,2
https://stg.procore.com/workshops,procoredev,200,stg.procore.com|US|Event|Workshops,Event|Workshops,stg.procore.com,Before Unload,2019-07-26T18:51:27.300-07:00,8336880411,44748389011964579820108344715376192766,66838540.1564191610,stg.procore.com,/workshops,1661,36,testid-1234567890,Customer/Collaborator,,,,,,,,,,,,,,,1295|4876,1,1,1,1,275,70,882,6,1237,1,1,,,,,,,,,,,,,,,,,,,,,2
